timestamp,ambient_temp_c,rel_humidity_pct,uv_index,solar_irradiance_wm2,k_dynamic_per_hr,calculated_half_life_hrs,bt_viability_pct,recommended_lignin_pct
2026-09-24T00:00:00,28.7,68,0.0,0.0,0.017818,38.902,98.234,0.25
2026-09-24T01:00:00,28.0,71,0.0,0.0,0.01713,40.464,96.5656,0.25
2026-09-24T02:00:00,28.6,70,0.2,38.0,0.018356,37.761,94.8092,0.3
2026-09-24T03:00:00,30.5,65,1.2,189.0,0.023955,28.936,92.565,0.55
2026-09-24T04:00:00,32.8,58,2.75,378.0,0.033424,20.738,89.5223,0.9375
2026-09-24T05:00:00,35.1,48,4.35,552.0,0.045156,15.35,85.5698,1.3375
2026-09-24T06:00:00,36.7,38,5.7,684.0,0.055897,12.4,80.9179,1.675
2026-09-24T07:00:00,37.0,32,6.5,734.0,0.060833,11.394,76.1421,1.875
2026-09-24T08:00:00,37.2,34,6.6,616.0,0.061993,11.181,71.5652,1.9
2026-09-24T09:00:00,37.7,33,5.95,632.0,0.060253,11.504,67.3805,1.7375
2026-09-24T10:00:00,37.9,32,4.7,575.0,0.054278,12.77,63.8207,1.425
2026-09-24T11:00:00,37.6,31,3.1,383.0,0.045089,15.373,61.007,1.025
2026-09-24T12:00:00,37.3,31,1.5,227.0,0.036174,19.161,58.8396,0.625
2026-09-24T13:00:00,35.4,35,0.35,63.0,0.027359,25.336,57.2516,0.3375
2026-09-24T14:00:00,34.0,37,0.0,0.0,0.023865,29.044,55.9015,0.25
2026-09-24T15:00:00,32.4,43,0.0,0.0,0.021874,31.689,54.692,0.25
2026-09-24T16:00:00,31.5,48,0.0,0.0,0.020819,33.294,53.5651,0.25
2026-09-24T17:00:00,31.0,49,0.0,0.0,0.020252,34.226,52.4912,0.25
2026-09-24T18:00:00,32.1,54,0.0,0.0,0.021517,32.214,51.3738,0.25
2026-09-24T19:00:00,31.1,56,0.0,0.0,0.020364,34.037,50.3382,0.25
2026-09-24T20:00:00,30.3,59,0.0,0.0,0.019482,35.579,49.367,0.25
2026-09-24T21:00:00,29.7,61,0.0,0.0,0.018843,36.786,48.4455,0.25
2026-09-24T22:00:00,29.2,62,0.0,0.0,0.018324,37.827,47.5659,0.25
2026-09-24T23:00:00,28.8,64,0.0,0.0,0.017918,38.684,46.7212,0.25
2026-09-25T00:00:00,29.3,69,0.0,0.0,0.018427,37.617,45.8682,0.25
2026-09-25T01:00:00,27.8,74,0.0,0.0,0.016938,40.923,45.0978,0.25
2026-09-25T02:00:00,25.3,85,0.2,15.0,0.01522,45.54,44.4166,0.3
2026-09-25T03:00:00,27.0,85,1.2,119.0,0.019685,35.212,43.5508,0.55
2026-09-25T04:00:00,28.9,70,2.7,356.0,0.026776,25.887,42.4001,0.925
2026-09-25T05:00:00,30.4,62,4.35,531.0,0.03493,19.844,40.9447,1.3375
2026-09-25T06:00:00,32.7,52,5.65,666.0,0.044849,15.455,39.1489,1.6625
2026-09-25T07:00:00,34.7,44,6.45,756.0,0.053562,12.941,37.1072,1.8625
2026-09-25T08:00:00,35.8,39,6.5,769.0,0.057061,12.148,35.0491,1.875
2026-09-25T09:00:00,36.3,36,5.85,707.0,0.055447,12.501,33.1586,1.7125
2026-09-25T10:00:00,36.3,36,4.65,586.0,0.049613,13.971,31.5537,1.4125
2026-09-25T11:00:00,35.9,36,3.05,416.0,0.04095,16.927,30.2877,1.0125
2026-09-25T12:00:00,35.8,32,1.45,223.0,0.033158,20.904,29.2998,0.6125
2026-09-25T13:00:00,34.0,36,0.35,60.0,0.025369,27.323,28.5659,0.3375
2026-09-25T14:00:00,32.2,44,0.0,0.0,0.021635,32.038,27.9545,0.25
2026-09-25T15:00:00,31.2,49,0.0,0.0,0.020477,33.85,27.3879,0.25
2026-09-25T16:00:00,30.5,51,0.0,0.0,0.019699,35.186,26.8536,0.25
2026-09-25T17:00:00,29.9,53,0.0,0.0,0.019054,36.379,26.3468,0.25
2026-09-25T18:00:00,29.5,58,0.0,0.0,0.018634,37.199,25.8604,0.25
2026-09-25T19:00:00,28.6,62,0.0,0.0,0.017718,39.121,25.4063,0.25
2026-09-25T20:00:00,28.1,65,0.0,0.0,0.017227,40.236,24.9723,0.25
2026-09-25T21:00:00,27.6,67,0.0,0.0,0.016748,41.388,24.5576,0.25
2026-09-25T22:00:00,27.4,68,0.0,0.0,0.016559,41.858,24.1543,0.25
2026-09-25T23:00:00,27.1,69,0.0,0.0,0.01628,42.576,23.7642,0.25
2026-09-26T00:00:00,27.9,66,0.0,0.0,0.017034,40.692,23.3629,0.25
2026-09-26T01:00:00,26.9,70,0.0,0.0,0.016097,43.062,22.9898,0.25
2026-09-26T02:00:00,27.8,67,0.2,36.0,0.017548,39.501,22.5899,0.3
2026-09-26T03:00:00,29.7,60,1.2,184.0,0.022913,30.252,22.0782,0.55
2026-09-26T04:00:00,31.6,54,2.7,371.0,0.031107,22.282,21.402,0.925
2026-09-26T05:00:00,33.4,48,4.3,546.0,0.04098,16.914,20.5426,1.325
2026-09-26T06:00:00,34.7,43,5.65,679.0,0.049993,13.865,19.5409,1.6625
2026-09-26T07:00:00,36.0,39,6.4,732.0,0.057196,12.119,18.4546,1.85
2026-09-26T08:00:00,36.7,36,6.5,711.0,0.05987,11.578,17.3821,1.875
2026-09-26T09:00:00,37.2,33,5.85,654.0,0.058168,11.916,16.3999,1.7125
2026-09-26T10:00:00,37.2,32,4.6,533.0,0.051793,13.383,15.5721,1.4
2026-09-26T11:00:00,36.7,33,3.0,384.0,0.042488,16.314,14.9244,1.0
2026-09-26T12:00:00,36.2,35,1.45,214.0,0.033875,20.462,14.4273,0.6125
2026-09-26T13:00:00,34.3,40,0.35,57.0,0.025784,26.883,14.06,0.3375
2026-09-26T14:00:00,33.0,46,0.0,0.0,0.022603,30.667,13.7458,0.25
2026-09-26T15:00:00,32.2,48,0.0,0.0,0.021635,32.038,13.4516,0.25
2026-09-26T16:00:00,31.4,50,0.0,0.0,0.020704,33.478,13.1759,0.25
2026-09-26T17:00:00,30.7,55,0.0,0.0,0.019919,34.798,12.9161,0.25
2026-09-26T18:00:00,30.7,59,0.0,0.0,0.019919,34.798,12.6614,0.25
2026-09-26T19:00:00,29.9,62,0.0,0.0,0.019054,36.379,12.4224,0.25
2026-09-26T20:00:00,29.1,64,0.0,0.0,0.018222,38.04,12.1981,0.25
2026-09-26T21:00:00,28.6,67,0.0,0.0,0.017718,39.121,11.9839,0.25
2026-09-26T22:00:00,28.1,69,0.0,0.0,0.017227,40.236,11.7792,0.25
2026-09-26T23:00:00,27.6,70,0.0,0.0,0.016748,41.388,11.5836,0.25
2026-09-27T00:00:00,28.2,68,0.0,0.0,0.017324,40.01,11.3846,0.25
2026-09-27T01:00:00,27.6,70,0.0,0.0,0.016748,41.388,11.1955,0.25
2026-09-27T02:00:00,28.1,68,0.2,35.0,0.017847,38.838,10.9975,0.3
2026-09-27T03:00:00,30.0,59,1.2,183.0,0.023299,29.751,10.7442,0.55
2026-09-27T04:00:00,32.4,52,2.65,371.0,0.032307,21.455,10.4027,0.9125
2026-09-27T05:00:00,34.3,46,4.3,545.0,0.04303,16.108,9.9645,1.325
2026-09-27T06:00:00,35.6,41,5.6,677.0,0.052238,13.269,9.4574,1.65
2026-09-27T07:00:00,36.5,37,6.35,753.0,0.058498,11.849,8.92,1.8375
2026-09-27T08:00:00,37.5,28,6.45,736.0,0.062209,11.142,8.382,1.8625
2026-09-27T09:00:00,37.9,27,5.8,656.0,0.0601,11.533,7.8931,1.7
2026-09-27T10:00:00,37.0,30,4.55,507.0,0.050993,13.593,7.5007,1.3875
2026-09-27T11:00:00,35.3,34,2.95,332.0,0.039193,17.686,7.2124,0.9875
2026-09-27T12:00:00,36.5,27,1.4,195.0,0.034176,20.281,6.9701,0.6
2026-09-27T13:00:00,34.8,33,0.3,52.0,0.026265,26.39,6.7894,0.325
2026-09-27T14:00:00,33.1,38,0.0,0.0,0.022726,30.5,6.6368,0.25
2026-09-27T15:00:00,32.3,39,0.0,0.0,0.021754,31.863,6.494,0.25
2026-09-27T16:00:00,31.6,42,0.0,0.0,0.020934,33.112,6.3595,0.25
2026-09-27T17:00:00,30.7,45,0.0,0.0,0.019919,34.798,6.234,0.25
2026-09-27T18:00:00,30.8,49,0.0,0.0,0.02003,34.606,6.1104,0.25
2026-09-27T19:00:00,29.9,53,0.0,0.0,0.019054,36.379,5.9951,0.25
2026-09-27T20:00:00,29.4,55,0.0,0.0,0.01853,37.407,5.885,0.25
2026-09-27T21:00:00,28.7,59,0.0,0.0,0.017818,38.902,5.7811,0.25
2026-09-27T22:00:00,28.1,62,0.0,0.0,0.017227,40.236,5.6824,0.25
2026-09-27T23:00:00,27.6,64,0.0,0.0,0.016748,41.388,5.588,0.25
2026-09-28T00:00:00,27.7,61,0.0,0.0,0.016843,41.154,5.4947,0.25
2026-09-28T01:00:00,27.2,62,0.0,0.0,0.016373,42.335,5.4054,0.25
2026-09-28T02:00:00,26.6,63,0.2,30.0,0.016394,42.28,5.3175,0.3
2026-09-28T03:00:00,27.3,62,1.15,157.0,0.019874,34.876,5.2129,0.5375
2026-09-28T04:00:00,28.5,59,2.65,353.0,0.026023,26.636,5.079,0.9125
2026-09-28T05:00:00,30.6,52,4.25,520.0,0.034963,19.825,4.9045,1.3125
2026-09-28T06:00:00,29.1,57,5.55,660.0,0.036425,19.029,4.729,1.6375
2026-09-28T07:00:00,30.8,50,6.3,706.0,0.042743,16.217,4.5312,1.825
2026-09-28T08:00:00,31.9,47,6.35,708.0,0.045607,15.198,4.3292,1.8375
2026-09-28T09:00:00,32.6,46,5.7,645.0,0.044803,15.471,4.1395,1.675
2026-09-28T10:00:00,32.9,46,4.45,540.0,0.040486,17.121,3.9752,1.3625
2026-09-28T11:00:00,32.8,45,1.75,387.0,0.0294,23.577,3.8601,0.6875
2026-09-28T12:00:00,32.1,44,0.5,202.0,0.023453,29.554,3.7706,0.375
2026-09-28T13:00:00,31.1,48,0.3,50.0,0.021464,32.293,3.6905,0.325
2026-09-28T14:00:00,30.3,51,0.0,0.0,0.019482,35.579,3.6193,0.25
2026-09-28T15:00:00,29.3,57,0.0,0.0,0.018427,37.617,3.5532,0.25
2026-09-28T16:00:00,28.6,60,0.0,0.0,0.017718,39.121,3.4908,0.25
2026-09-28T17:00:00,28.1,61,0.0,0.0,0.017227,40.236,3.4312,0.25
2026-09-28T18:00:00,27.9,63,0.0,0.0,0.017034,40.692,3.3733,0.25
2026-09-28T19:00:00,27.1,66,0.0,0.0,0.01628,42.576,3.3188,0.25
2026-09-28T20:00:00,26.7,68,0.0,0.0,0.015915,43.554,3.2664,0.25
2026-09-28T21:00:00,26.1,70,0.0,0.0,0.01538,45.068,3.2165,0.25
2026-09-28T22:00:00,25.7,73,0.0,0.0,0.015032,46.111,3.1685,0.25
2026-09-28T23:00:00,25.3,74,0.0,0.0,0.014692,47.18,3.1223,0.25
2026-09-29T00:00:00,26.1,70,0.0,0.0,0.01538,45.068,3.0747,0.25
2026-09-29T01:00:00,25.6,73,0.0,0.0,0.014946,46.375,3.0291,0.25
2026-09-29T02:00:00,26.4,70,0.2,33.0,0.016209,42.764,2.9804,0.3
2026-09-29T03:00:00,28.3,62,1.15,175.0,0.021028,32.963,2.9183,0.5375
2026-09-29T04:00:00,30.3,54,2.6,358.0,0.0286,24.236,2.8361,0.9
2026-09-29T05:00:00,31.9,48,4.2,529.0,0.037371,18.548,2.732,1.3
2026-09-29T06:00:00,32.7,46,5.5,661.0,0.044248,15.665,2.6138,1.625
2026-09-29T07:00:00,33.9,43,6.25,718.0,0.05044,13.742,2.4852,1.8125
2026-09-29T08:00:00,34.4,41,6.3,692.0,0.052043,13.319,2.3592,1.825
2026-09-29T09:00:00,34.6,40,5.65,638.0,0.049724,13.94,2.2447,1.6625
2026-09-29T10:00:00,34.6,38,4.4,529.0,0.044177,15.69,2.1477,1.35
2026-09-29T11:00:00,34.4,37,2.85,369.0,0.036898,18.785,2.0699,0.9625
2026-09-29T12:00:00,34.2,37,1.35,196.0,0.029988,23.114,2.0088,0.5875
2026-09-29T13:00:00,32.6,41,0.3,48.0,0.023308,29.738,1.9625,0.325
2026-09-29T14:00:00,31.8,45,0.0,0.0,0.021165,32.749,1.9214,0.25
2026-09-29T15:00:00,31.0,47,0.0,0.0,0.020252,34.226,1.8829,0.25
2026-09-29T16:00:00,29.6,51,0.0,0.0,0.018738,36.992,1.8479,0.25
2026-09-29T17:00:00,28.6,56,0.0,0.0,0.017718,39.121,1.8155,0.25
2026-09-29T18:00:00,28.4,63,0.0,0.0,0.01752,39.563,1.7839,0.25
2026-09-29T19:00:00,27.2,69,0.0,0.0,0.016373,42.335,1.755,0.25
2026-09-29T20:00:00,26.4,71,0.0,0.0,0.015645,44.304,1.7277,0.25
2026-09-29T21:00:00,25.9,73,0.0,0.0,0.015205,45.586,1.7017,0.25
2026-09-29T22:00:00,25.4,75,0.0,0.0,0.014776,46.91,1.6767,0.25
2026-09-29T23:00:00,25.1,76,0.0,0.0,0.014524,47.725,1.6525,0.25
2026-09-30T00:00:00,25.5,78,0.0,0.0,0.014861,46.642,1.6281,0.25
2026-09-30T01:00:00,24.9,79,0.0,0.0,0.014358,48.277,1.6049,0.25
2026-09-30T02:00:00,25.9,72,0.2,34.0,0.015753,44.002,1.5799,0.3
2026-09-30T03:00:00,28.4,59,1.15,183.0,0.021147,32.778,1.5468,0.5375
2026-09-30T04:00:00,31.0,47,2.6,373.0,0.02973,23.314,1.5015,0.9
2026-09-30T05:00:00,33.5,39,4.15,551.0,0.040577,17.082,1.4418,1.2875
2026-09-30T06:00:00,35.6,31,5.45,686.0,0.051536,13.45,1.3694,1.6125
2026-09-30T07:00:00,36.6,28,6.2,759.0,0.05807,11.936,1.2921,1.8
2026-09-30T08:00:00,37.6,24,6.25,760.0,0.061498,11.271,1.215,1.8125
2026-09-30T09:00:00,38.0,21,5.6,682.0,0.059354,11.678,1.145,1.65
2026-09-30T10:00:00,37.9,20,4.4,548.0,0.05269,13.155,1.0862,1.35
2026-09-30T11:00:00,37.4,20,2.8,372.0,0.043067,16.094,1.0405,0.95
2026-09-30T12:00:00,36.6,20,1.3,203.0,0.033865,20.468,1.0058,0.575
2026-09-30T13:00:00,34.1,23,0.25,49.0,0.025075,27.643,0.9809,0.3125
2026-09-30T14:00:00,33.0,25,0.0,0.0,0.022603,30.667,0.959,0.25
2026-09-30T15:00:00,31.4,28,0.0,0.0,0.020704,33.478,0.9393,0.25
2026-09-30T16:00:00,30.0,32,0.0,0.0,0.01916,36.177,0.9215,0.25
2026-09-30T17:00:00,29.0,36,0.0,0.0,0.01812,38.253,0.905,0.25
2026-09-30T18:00:00,29.5,38,0.0,0.0,0.018634,37.199,0.8883,0.25
2026-09-30T19:00:00,28.8,40,0.0,0.0,0.017918,38.684,0.8725,0.25
2026-09-30T20:00:00,28.1,42,0.0,0.0,0.017227,40.236,0.8576,0.25
2026-09-30T21:00:00,27.5,42,0.0,0.0,0.016653,41.622,0.8434,0.25
2026-09-30T22:00:00,27.6,41,0.0,0.0,0.016748,41.388,0.8294,0.25
2026-09-30T23:00:00,27.4,41,0.0,0.0,0.016559,41.858,0.8158,0.25
